Create Database bicycles_project;
USE bicycles_project;

CREATE TABLE brands (
    brand_id INT PRIMARY KEY,
    brand_name VARCHAR(50)
);
drop table brands;
INSERT INTO brands VALUES
    (1, 'Electra'),
    (2, 'Haro'),
    (3, 'Heller'),
    (4, 'Pure Cycles'),
    (5, 'Ritchey'),
    (6, 'Strider'),
    (7, 'Sun Bicycles'),
    (8, 'Surly'),
    (9, 'Trek');
    select * from brands;
    CREATE TABLE category(
    category_id	INT PRIMARY KEY ,
    category_name	VARCHAR(50)
);
INSERT INTO category  (category_id, category_name) VALUES
	('1', 'Children Bicycles'),
	('2', 'Comfort Bicycles'),
	('3', 'Cruisers Bicycles'),
	('4', 'Cyclocross Bicycles'),
	('5', 'Electric Bikes'),
	('6', 'Mountain Bikes'),
	('7', 'Road Bikes');
    
CREATE TABLE customer (
    customer_id	INT PRIMARY KEY,
    first_name	VARCHAR(512),
    last_name	VARCHAR(512),
    phone	VARCHAR(512),
    email	VARCHAR(512),
    street	VARCHAR(512),
    city	VARCHAR(512),
    state	VARCHAR(512),
    zip_code	INT
    
);

INSERT INTO customer (customer_id, first_name, last_name, phone, email, street, city, state, zip_code) VALUES
	('1', 'Debra', 'Burks', NULL, 'debra.burks@yahoo.com', '9273 Thorne Ave. ', 'Orchard Park', 'NY', '14127'),
	('2', 'Kasha', 'Todd', NULL, 'kasha.todd@yahoo.com', '910 Vine Street ', 'Campbell', 'CA', '95008'),
	('3', 'Tameka', 'Fisher', NULL, 'tameka.fisher@aol.com', '769C Honey Creek St. ', 'Redondo Beach', 'CA', '90278'),
	('4', 'Daryl', 'Spence', NULL, 'daryl.spence@aol.com', '988 Pearl Lane ', 'Uniondale', 'NY', '11553'),
	('5', 'Charolette', 'Rice', '(916) 381-6003', 'charolette.rice@msn.com', '107 River Dr. ', 'Sacramento', 'CA', '95820'),
	('6', 'Lyndsey', 'Bean', NULL, 'lyndsey.bean@hotmail.com', '769 West Road ', 'Fairport', 'NY', '14450'),
	('7', 'Latasha', 'Hays', '(716) 986-3359', 'latasha.hays@hotmail.com', '7014 Manor Station Rd. ', 'Buffalo', 'NY', '14215'),
	('8', 'Jacquline', 'Duncan', NULL, 'jacquline.duncan@yahoo.com', '15 Brown St. ', 'Jackson Heights', 'NY', '11372'),
	('9', 'Genoveva', 'Baldwin', NULL, 'genoveva.baldwin@msn.com', '8550 Spruce Drive ', 'Port Washington', 'NY', '11050'),
	('10', 'Pamelia', 'Newman', NULL, 'pamelia.newman@gmail.com', '476 Chestnut Ave. ', 'Monroe', 'NY', '10950'),
	('11', 'Deshawn', 'Mendoza', NULL, 'deshawn.mendoza@yahoo.com', '8790 Cobblestone Street ', 'Monsey', 'NY', '10952'),
	('12', 'Robby', 'Sykes', '(516) 583-7761', 'robby.sykes@hotmail.com', '486 Rock Maple Street ', 'Hempstead', 'NY', '11550'),
	('13', 'Lashawn', 'Ortiz', NULL, 'lashawn.ortiz@msn.com', '27 Washington Rd. ', 'Longview', 'TX', '75604'),
	('14', 'Garry', 'Espinoza', NULL, 'garry.espinoza@hotmail.com', '7858 Rockaway Court ', 'Forney', 'TX', '75126'),
	('15', 'Linnie', 'Branch', NULL, 'linnie.branch@gmail.com', '314 South Columbia Ave. ', 'Plattsburgh', 'NY', '12901'),
	('16', 'Emmitt', 'Sanchez', '(212) 945-8823', 'emmitt.sanchez@hotmail.com', '461 Squaw Creek Road ', 'New York', 'NY', '10002'),
	('17', 'Caren', 'Stephens', NULL, 'caren.stephens@msn.com', '914 Brook St. ', 'Scarsdale', 'NY', '10583'),
	('18', 'Georgetta', 'Hardin', NULL, 'georgetta.hardin@aol.com', '474 Chapel Dr. ', 'Canandaigua', 'NY', '14424'),
	('19', 'Lizzette', 'Stein', NULL, 'lizzette.stein@yahoo.com', '19 Green Hill Lane ', 'Orchard Park', 'NY', '14127'),
	('20', 'Aleta', 'Shepard', NULL, 'aleta.shepard@aol.com', '684 Howard St. ', 'Sugar Land', 'TX', '77478'),
	('21', 'Tobie', 'Little', NULL, 'tobie.little@gmail.com', '10 Silver Spear Dr. ', 'Victoria', 'TX', '77904'),
	('22', 'Adelle', 'Larsen', NULL, 'adelle.larsen@gmail.com', '683 West Kirkland Dr. ', 'East Northport', 'NY', '11731'),
	('23', 'Kaylee', 'English', NULL, 'kaylee.english@msn.com', '8786 Fulton Rd. ', 'Hollis', 'NY', '11423'),
	('24', 'Corene', 'Wall', NULL, 'corene.wall@msn.com', '9601 Ocean Rd. ', 'Atwater', 'CA', '95301'),
	('25', 'Regenia', 'Vaughan', NULL, 'regenia.vaughan@gmail.com', '44 Stonybrook Street ', 'Mahopac', 'NY', '10541'),
	('26', 'Theo', 'Reese', '(562) 215-2907', 'theo.reese@gmail.com', '8755 W. Wild Horse St. ', 'Long Beach', 'NY', '11561'),
	('27', 'Santos', 'Valencia', NULL, 'santos.valencia@yahoo.com', '7479 Carpenter Street ', 'Sunnyside', 'NY', '11104'),
	('28', 'Jeanice', 'Frost', NULL, 'jeanice.frost@hotmail.com', '76 Devon Lane ', 'Ossining', 'NY', '10562'),
	('29', 'Syreeta', 'Hendricks', NULL, 'syreeta.hendricks@msn.com', '193 Spruce Road ', 'Mahopac', 'NY', '10541'),
	('30', 'Jamaal', 'Albert', NULL, 'jamaal.albert@gmail.com', '853 Stonybrook Street ', 'Torrance', 'CA', '90505'),
	('31', 'Williemae', 'Holloway', '(510) 246-8375', 'williemae.holloway@msn.com', '69 Cypress St. ', 'Oakland', 'CA', '94603'),
	('32', 'Araceli', 'Golden', NULL, 'araceli.golden@msn.com', '12 Ridgeview Ave. ', 'Fullerton', 'CA', '92831'),
	('33', 'Deloris', 'Burke', NULL, 'deloris.burke@hotmail.com', '895 Edgemont Drive ', 'Palos Verdes Peninsula', 'CA', '90274'),
	('34', 'Brittney', 'Woodward', NULL, 'brittney.woodward@aol.com', '960 River St. ', 'East Northport', 'NY', '11731'),
	('35', 'Guillermina', 'Noble', NULL, 'guillermina.noble@msn.com', '6 Del Monte Lane ', 'Baldwinsville', 'NY', '13027'),
	('36', 'Bernita', 'Mcdaniel', NULL, 'bernita.mcdaniel@hotmail.com', '2 Peg Shop Ave. ', 'Liverpool', 'NY', '13090'),
	('37', 'Melia', 'Brady', NULL, 'melia.brady@gmail.com', '907 Shirley Rd. ', 'Maspeth', 'NY', '11378'),
	('38', 'Zelma', 'Browning', NULL, 'zelma.browning@aol.com', '296 Second Street ', 'Astoria', 'NY', '11102'),
	('39', 'Janetta', 'Aguirre', '(717) 670-2634', 'janetta.aguirre@aol.com', '214 Second Court ', 'Lancaster', 'NY', '14086'),
	('40', 'Ronna', 'Butler', NULL, 'ronna.butler@gmail.com', '9438 Plymouth Court ', 'Encino', 'CA', '91316'),
	('41', 'Kathie', 'Freeman', NULL, 'kathie.freeman@msn.com', '667 Temple Dr. ', 'Queensbury', 'NY', '12804'),
	('42', 'Tangela', 'Quinn', NULL, 'tangela.quinn@aol.com', '4 S. Purple Finch Road ', 'Richmond Hill', 'NY', '11418'),
	('43', 'Mozelle', 'Carter', '(281) 489-9656', 'mozelle.carter@aol.com', '895 Chestnut Ave. ', 'Houston', 'TX', '77016'),
	('44', 'Onita', 'Johns', NULL, 'onita.johns@msn.com', '32 Glen Creek Lane ', 'Elmont', 'NY', '11003'),
	('45', 'Bennett', 'Armstrong', NULL, 'bennett.armstrong@aol.com', '688 Walnut Street ', 'Bethpage', 'NY', '11714'),
	('46', 'Monika', 'Berg', NULL, 'monika.berg@gmail.com', '369 Vernon Dr. ', 'Encino', 'CA', '91316'),
	('47', 'Bridgette', 'Guerra', NULL, 'bridgette.guerra@hotmail.com', '9982 Manor Drive ', 'San Lorenzo', 'CA', '94580'),
	('48', 'Cesar', 'Jackson', NULL, 'cesar.jackson@gmail.com', '8068 N. Griffin Ave. ', 'Liverpool', 'NY', '13090'),
	('49', 'Caroll', 'Hays', NULL, 'caroll.hays@yahoo.com', '9381 Wrangler St. ', 'Fairport', 'NY', '14450'),
	('50', 'Cleotilde', 'Booth', NULL, 'cleotilde.booth@gmail.com', '17 Corona St. ', 'Sugar Land', 'TX', '77478'),
	('51', 'Gertrud', 'Rhodes', NULL, 'gertrud.rhodes@aol.com', '9961 Meadowbrook Street ', 'Merrick', 'NY', '11566'),
	('52', 'Tu', 'Ramirez', NULL, 'tu.ramirez@hotmail.com', '24 W. Courtland Street ', 'East Elmhurst', 'NY', '11369'),
	('53', 'Saturnina', 'Garner', NULL, 'saturnina.garner@gmail.com', '8538 Fairground St. ', 'Glendora', 'CA', '91740'),
	('54', 'Fran', 'Yang', NULL, 'fran.yang@hotmail.com', '440 Pearl St. ', 'Utica', 'NY', '13501'),
	('55', 'Diana', 'Guerra', NULL, 'diana.guerra@hotmail.com', '45 Chapel Ave. ', 'Merrick', 'NY', '11566'),
	('56', 'Lolita', 'Mosley', '(281) 363-3309', 'lolita.mosley@hotmail.com', '376 S. High Ridge St. ', 'Houston', 'TX', '77016'),
	('57', 'Pamala', 'Henry', NULL, 'pamala.henry@aol.com', '197 Bridgeton Ave. ', 'Bronx', 'NY', '10451'),
	('58', 'Damien', 'Dorsey', NULL, 'damien.dorsey@yahoo.com', '161 Old York Street ', 'Central Islip', 'NY', '11722'),
	('59', 'Latasha', 'Stanley', NULL, 'latasha.stanley@gmail.com', '8068 Fordham Drive ', 'Rockville Centre', 'NY', '11570'),
	('60', 'Neil', 'Mccall', NULL, 'neil.mccall@gmail.com', '7476 Oakland Dr. ', 'San Carlos', 'CA', '94070'),
	('61', 'Elinore', 'Aguilar', NULL, 'elinore.aguilar@msn.com', '9766 Rockcrest Ave. ', 'San Angelo', 'TX', '76901'),
	('62', 'Alica', 'Hunter', NULL, 'alica.hunter@hotmail.com', '8 San Juan Drive ', 'East Elmhurst', 'NY', '11369'),
	('63', 'Tenisha', 'Lyons', NULL, 'tenisha.lyons@aol.com', '78 E. Rock Creek Street ', 'Amityville', 'NY', '11701'),
	('64', 'Bobbie', 'Foster', NULL, 'bobbie.foster@yahoo.com', '988 Pineknoll Ave. ', 'Desoto', 'TX', '75115'),
	('65', 'Kanesha', 'Vega', NULL, 'kanesha.vega@gmail.com', '771 E. Oxford Drive ', 'Rome', 'NY', '13440'),
	('66', 'Lorrie', 'Becker', NULL, 'lorrie.becker@yahoo.com', '19 North Court ', 'Garland', 'TX', '75043'),
	('67', 'Tommie', 'Melton', '(916) 802-2952', 'tommie.melton@gmail.com', '8 West Old York St. ', 'Sacramento', 'CA', '95820'),
	('68', 'Jayne', 'Kirkland', NULL, 'jayne.kirkland@hotmail.com', '7800 Second Lane ', 'Rowlett', 'TX', '75088'),
	('69', 'Katelin', 'Kennedy', NULL, 'katelin.kennedy@gmail.com', '286 Myrtle Lane ', 'Rocklin', 'CA', '95677'),
	('70', 'Tomasa', 'Carson', NULL, 'tomasa.carson@aol.com', '10 Clark Avenue ', 'East Elmhurst', 'NY', '11369'),
	('71', 'Takako', 'Casey', NULL, 'takako.casey@aol.com', '7548 Court Lane ', 'Bronx', 'NY', '10451'),
	('72', 'Petronila', 'Norris', NULL, 'petronila.norris@aol.com', '72 South Marshall Lane ', 'South El Monte', 'CA', '91733'),
	('73', 'Melanie', 'Hayes', NULL, 'melanie.hayes@msn.com', '5 N. Hall Dr. ', 'Liverpool', 'NY', '13090'),
	('74', 'Georgeann', 'Waller', NULL, 'georgeann.waller@yahoo.com', '9797 Bald Hill Ave. ', 'North Tonawanda', 'NY', '14120'),
	('75', 'Abby', 'Gamble', NULL, 'abby.gamble@aol.com', '60 Myers Dr. ', 'Amityville', 'NY', '11701'),
	('76', 'Parker', 'Prince', NULL, 'parker.prince@hotmail.com', '21 Sulphur Springs Drive ', 'Port Jefferson Station', 'NY', '11776'),
	('77', 'Keri', 'Bridges', NULL, 'keri.bridges@gmail.com', '8504 Brickell Ave. ', 'Richardson', 'TX', '75080'),
	('78', 'Chi', 'Goff', NULL, 'chi.goff@aol.com', '3 W. Glen Ridge Avenue ', 'Palos Verdes Peninsula', 'CA', '90274'),
	('79', 'Ashanti', 'Parks', NULL, 'ashanti.parks@hotmail.com', '846 N. Helen St. ', 'Baldwin', 'NY', '11510'),
	('80', 'Sarai', 'Mckee', '(716) 912-8110', 'sarai.mckee@msn.com', '641 Glenwood Avenue ', 'Buffalo', 'NY', '14215'),
	('81', 'Zina', 'Bonner', NULL, 'zina.bonner@hotmail.com', '9312 8th Street ', 'San Lorenzo', 'CA', '94580'),
	('82', 'Lizzie', 'Joyner', NULL, 'lizzie.joyner@msn.com', '8541 Roberts St. ', 'Coachella', 'CA', '92236'),
	('83', 'Tiesha', 'Daniel', NULL, 'tiesha.daniel@yahoo.com', '6 West Bohemia Lane ', 'Scarsdale', 'NY', '10583'),
	('84', 'Armand', 'Whitehead', NULL, 'armand.whitehead@hotmail.com', '639 Harvey St. ', 'Lindenhurst', 'NY', '11757'),
	('85', 'Teofila', 'Fischer', NULL, 'teofila.fischer@aol.com', '1 West Brickyard St. ', 'Huntington Station', 'NY', '11746'),
	('86', 'Lissa', 'Vargas', NULL, 'lissa.vargas@yahoo.com', '517 Victoria Ave. ', 'Oswego', 'NY', '13126'),
	('87', 'Yan', 'Mcgowan', NULL, 'yan.mcgowan@msn.com', '8960 Newport Ave. ', 'Duarte', 'CA', '91010'),
	('88', 'Titus', 'Bullock', NULL, 'titus.bullock@gmail.com', '29 Oxford Avenue ', 'Hollis', 'NY', '11423'),
	('89', 'Arvilla', 'Osborn', NULL, 'arvilla.osborn@gmail.com', '60 Acacia Lane ', 'Upland', 'CA', '91784'),
	('90', 'Marjorie', 'Logan', NULL, 'marjorie.logan@msn.com', '95 Grandrose St. ', 'Franklin Square', 'NY', '11010'),
	('91', 'Marvin', 'Mullins', '(619) 635-2027', 'marvin.mullins@aol.com', '7489 Redwood Drive ', 'San Diego', 'CA', '92111'),
	('92', 'Tena', 'Cruz', NULL, 'tena.cruz@yahoo.com', '1 South St. ', 'Farmingdale', 'NY', '11735'),
	('93', 'Corrina', 'Sawyer', '(248) 370-1364', 'corrina.sawyer@yahoo.com', '95 Briarwood Lane ', 'Troy', 'NY', '12180'),
	('94', 'Sharyn', 'Hopkins', NULL, 'sharyn.hopkins@hotmail.com', '4 South Temple Ave. ', 'Baldwinsville', 'NY', '13027'),
	('95', 'Letitia', 'Franco', NULL, 'letitia.franco@aol.com', '607 Lakeview Drive ', 'Saratoga Springs', 'NY', '12866'),
	('96', 'Floretta', 'Higgins', NULL, 'floretta.higgins@hotmail.com', '870 Lilac Dr. ', 'Bayside', 'NY', '11361'),
	('97', 'Louanne', 'Martin', NULL, 'louanne.martin@hotmail.com', '1 Campfire Ave. ', 'Yuba City', 'CA', '95993'),
	('98', 'Violet', 'Valenzuela', NULL, 'violet.valenzuela@msn.com', '8668 Piper Street ', 'Plattsburgh', 'NY', '12901'),
	('99', 'Carie', 'Kidd', NULL, 'carie.kidd@yahoo.com', '6 East Clinton Street ', 'Monroe', 'NY', '10950'),
	('100', 'Kellie', 'Franco', NULL, 'kellie.franco@yahoo.com', '444 South Walnut Rd. ', 'Commack', 'NY', '11725'),
	('101', 'Nichelle', 'Howell', NULL, 'nichelle.howell@aol.com', '7670 Forest St. ', 'Scarsdale', 'NY', '10583'),
	('102', 'Marisol', 'Goodman', NULL, 'marisol.goodman@gmail.com', '864 East Cherry St. ', 'Canandaigua', 'NY', '14424'),
	('103', 'Sylvie', 'Wilkerson', NULL, 'sylvie.wilkerson@yahoo.com', '750 Central Ave. ', 'Syosset', 'NY', '11791'),
	('104', 'Katharina', 'Bates', NULL, 'katharina.bates@gmail.com', '54 South Greenview Drive ', 'Campbell', 'CA', '95008'),
	('105', 'Marget', 'Hodge', NULL, 'marget.hodge@msn.com', '7199 Selby Lane ', 'Woodhaven', 'NY', '11421'),
	('106', 'Raul', 'Melendez', NULL, 'raul.melendez@hotmail.com', '9772 Manhattan St. ', 'Elmhurst', 'NY', '11373'),
	('107', 'Cecil', 'Hopper', NULL, 'cecil.hopper@yahoo.com', '471 Glenlake Ave. ', 'Central Islip', 'NY', '11722'),
	('108', 'Shae', 'Hickman', NULL, 'shae.hickman@hotmail.com', '740 Pin Oak Street ', 'Floral Park', 'NY', '11001'),
	('109', 'Monica', 'Sears', '(408) 704-8863', 'monica.sears@aol.com', '57 Glenholme St. ', 'San Jose', 'CA', '95127'),
	('110', 'Ollie', 'Zimmerman', '(657) 648-2863', 'ollie.zimmerman@yahoo.com', '69 Wood Rd. ', 'Anaheim', 'CA', '92806'),
	('111', 'Shila', 'White', NULL, 'shila.white@msn.com', '94 Lakeshore Street ', 'Orchard Park', 'NY', '14127'),
	('112', 'Yuk', 'Vega', NULL, 'yuk.vega@yahoo.com', '413 Wood St. ', 'West Hempstead', 'NY', '11552'),
	('113', 'Eliana', 'Silva', NULL, 'eliana.silva@gmail.com', '7119 Summer Rd. ', 'Farmingdale', 'NY', '11735'),
	('114', 'Thalia', 'Horne', NULL, 'thalia.horne@yahoo.com', '9312 Harvard Street ', 'Amityville', 'NY', '11701'),
	('115', 'Rey', 'Lindsay', NULL, 'rey.lindsay@gmail.com', '16 Philmont St. ', 'Monroe', 'NY', '10950'),
	('116', 'Merlene', 'Vinson', NULL, 'merlene.vinson@gmail.com', '431 Vine Dr. ', 'Euless', 'TX', '76039'),
	('117', 'Dacia', 'William', NULL, 'dacia.william@msn.com', '62 Cypress Drive ', 'Sugar Land', 'TX', '77478'),
	('118', 'Le', 'Wood', NULL, 'le.wood@yahoo.com', '90 Primrose Dr. ', 'Pittsford', 'NY', '14534'),
	('119', 'Thalia', 'Dillard', NULL, 'thalia.dillard@yahoo.com', '987 NE. Gates Street ', 'San Angelo', 'TX', '76901'),
	('120', 'Luz', 'House', '(559) 114-2580', 'luz.house@gmail.com', '491 Railroad Street ', 'Fresno', 'CA', '93706'),
	('121', 'Lucy', 'Woods', NULL, 'lucy.woods@gmail.com', '8437 West Rockaway St. ', 'Palos Verdes Peninsula', 'CA', '90274'),
	('122', 'Shena', 'Carter', NULL, 'shena.carter@yahoo.com', '72 University Road ', 'Howard Beach', 'NY', '11414'),
	('123', 'Robena', 'Hill', '(361) 598-4414', 'robena.hill@hotmail.com', '263 Cross St. ', 'Corpus Christi', 'TX', '78418'),
	('124', 'Jeni', 'Booker', NULL, 'jeni.booker@gmail.com', '546 Railroad Dr. ', 'South El Monte', 'CA', '91733'),
	('125', 'Herlinda', 'Stone', NULL, 'herlinda.stone@msn.com', '725 Gulf St. ', 'Canandaigua', 'NY', '14424'),
	('126', 'Lavina', 'Dejesus', NULL, 'lavina.dejesus@msn.com', '59 E. Valley Avenue ', 'Newburgh', 'NY', '12550'),
	('127', 'Erlinda', 'Nielsen', NULL, 'erlinda.nielsen@aol.com', '728 Oxford Lane ', 'Maspeth', 'NY', '11378'),
	('128', 'Terrance', 'Lynn', NULL, 'terrance.lynn@yahoo.com', '91 East Buckingham Drive ', 'Plattsburgh', 'NY', '12901'),
	('129', 'Walton', 'Dejesus', NULL, 'walton.dejesus@yahoo.com', '15 Washington Rd. ', 'Lockport', 'NY', '14094'),
	('130', 'Wes', 'Stanton', '(248) 247-5074', 'wes.stanton@msn.com', '8662 Tunnel Street ', 'Troy', 'NY', '12180'),
	('131', 'Tanesha', 'Hampton', NULL, 'tanesha.hampton@hotmail.com', '19 Belmont Ave. ', 'Syosset', 'NY', '11791'),
	('132', 'Boyd', 'Irwin', NULL, 'boyd.irwin@hotmail.com', '221 Whitemarsh St. ', 'Hamburg', 'NY', '14075'),
	('133', 'Delbert', 'Wilkins', NULL, 'delbert.wilkins@aol.com', '420 Greenview St. ', 'Coram', 'NY', '11727'),
	('134', 'Brianna', 'Moss', '(516) 156-8031', 'brianna.moss@msn.com', '4 Longfellow St. ', 'Hempstead', 'NY', '11550'),
	('135', 'Dorthey', 'Jackson', '(281) 926-8010', 'dorthey.jackson@msn.com', '9768 Brookside St. ', 'Houston', 'TX', '77016'),
	('136', 'Sarita', 'Parks', NULL, 'sarita.parks@msn.com', '7809 Second Lane ', 'Forney', 'TX', '75126'),
	('137', 'Shonta', 'Mercer', NULL, 'shonta.mercer@aol.com', '319 NE. La Sierra Avenue ', 'Massapequa', 'NY', '11758'),
	('138', 'Jone', 'Bernard', '(657) 536-5165', 'jone.bernard@hotmail.com', '99 Longbranch Court ', 'Anaheim', 'CA', '92806'),
	('139', 'Wanita', 'Davenport', NULL, 'wanita.davenport@aol.com', '525 Dogwood Ave. ', 'Spring Valley', 'NY', '10977'),
	('140', 'Cleopatra', 'Tate', NULL, 'cleopatra.tate@aol.com', '97 N. Glenwood St. ', 'East Elmhurst', 'NY', '11369'),
	('141', 'Ramiro', 'Byers', NULL, 'ramiro.byers@gmail.com', '16 Pleasant St. ', 'Saint Albans', 'NY', '11412'),
	('142', 'Nicholas', 'Vazquez', NULL, 'nicholas.vazquez@hotmail.com', '9 Roosevelt Street ', 'West Hempstead', 'NY', '11552'),
	('143', 'Janae', 'Doyle', NULL, 'janae.doyle@gmail.com', '760 Rose Ave. ', 'Jackson Heights', 'NY', '11372'),
	('144', 'Hans', 'Price', NULL, 'hans.price@hotmail.com', '51 Glendale Road ', 'Port Chester', 'NY', '10573'),
	('145', 'Miquel', 'Neal', NULL, 'miquel.neal@hotmail.com', '9564 Deerfield Lane ', 'Staten Island', 'NY', '10301'),
	('146', 'Stefany', 'Potter', NULL, 'stefany.potter@gmail.com', '256 South Academy St. ', 'Saratoga Springs', 'NY', '12866'),
	('147', 'Bernetta', 'Marquez', NULL, 'bernetta.marquez@hotmail.com', '626 E. Dunbar Street ', 'Smithtown', 'NY', '11787'),
	('148', 'Julee', 'Woodard', NULL, 'julee.woodard@yahoo.com', '869 Summerhouse Dr. ', 'Richmond Hill', 'NY', '11418'),
	('149', 'Meredith', 'Bryan', NULL, 'meredith.bryan@hotmail.com', '8935 E. Oxford St. ', 'Spring Valley', 'NY', '10977'),
	('150', 'Weldon', 'Michael', NULL, 'weldon.michael@hotmail.com', '9952 Nut Swamp St. ', 'Huntington', 'NY', '11743'),
	('151', 'Joesph', 'Delacruz', NULL, 'joesph.delacruz@aol.com', '184 Cypress Street ', 'Atwater', 'CA', '95301'),
	('152', 'Katherina', 'Odom', NULL, 'katherina.odom@yahoo.com', '897 N. Oak Drive ', 'Plainview', 'NY', '11803'),
	('153', 'Laraine', 'Robbins', NULL, 'laraine.robbins@yahoo.com', '8214 E. Pin Oak Lane ', 'San Angelo', 'TX', '76901'),
	('154', 'Jenise', 'Preston', NULL, 'jenise.preston@yahoo.com', '9 Littleton Drive ', 'Helotes', 'TX', '78023'),
	('155', 'Lory', 'Page', NULL, 'lory.page@hotmail.com', '58 Summerhouse Street ', 'Bay Shore', 'NY', '11706'),
	('156', 'Charlyn', 'Cantrell', NULL, 'charlyn.cantrell@yahoo.com', '8756 Euclid St. ', 'West Islip', 'NY', '11795'),
	('157', 'Carola', 'Rodriquez', NULL, 'carola.rodriquez@hotmail.com', '9433 Heritage Lane ', 'Banning', 'CA', '92220'),
	('158', 'Alane', 'Kennedy', NULL, 'alane.kennedy@yahoo.com', '34 Green Lake Street ', 'Spring Valley', 'NY', '10977'),
	('159', 'Regina', 'Burns', NULL, 'regina.burns@aol.com', '713 Buckingham St. ', 'Garland', 'TX', '75043'),
	('160', 'Omer', 'Estrada', NULL, 'omer.estrada@gmail.com', '9 Honey Creek Street ', 'Rowlett', 'TX', '75088'),
	('161', 'Crystle', 'Gilliam', NULL, 'crystle.gilliam@yahoo.com', '86 Edgewater Road ', 'Smithtown', 'NY', '11787'),
	('162', 'Kam', 'Wilder', NULL, 'kam.wilder@hotmail.com', '500 West Clay Ave. ', 'Newburgh', 'NY', '12550'),
	('163', 'Margert', 'Stevens', NULL, 'margert.stevens@aol.com', '502 North Poplar St. ', 'Rome', 'NY', '13440'),
	('164', 'Tomika', 'Larson', NULL, 'tomika.larson@yahoo.com', '254 Canal St. ', 'Woodside', 'NY', '11377'),
	('165', 'Jeromy', 'Burch', '(408) 955-8238', 'jeromy.burch@msn.com', '889 Mulberry Street ', 'San Jose', 'CA', '95127'),
	('166', 'Lena', 'Mills', NULL, 'lena.mills@yahoo.com', '42 Homestead St. ', 'Woodhaven', 'NY', '11421'),
	('167', 'Loreta', 'Johnston', NULL, 'loreta.johnston@yahoo.com', '39 Lafayette Dr. ', 'Spring Valley', 'NY', '10977'),
	('168', 'Nettie', 'Mcdaniel', NULL, 'nettie.mcdaniel@hotmail.com', '7004 E. Wakehurst St. ', 'South Ozone Park', 'NY', '11420'),
	('169', 'Karla', 'Kirk', NULL, 'karla.kirk@yahoo.com', '9718 Harvard Rd. ', 'Palos Verdes Peninsula', 'CA', '90274'),
	('170', 'Regine', 'Gonzales', '(805) 763-4045', 'regine.gonzales@gmail.com', '798 Court Drive ', 'Oxnard', 'CA', '93035'),
	('171', 'Miriam', 'Baker', NULL, 'miriam.baker@hotmail.com', '90 Studebaker St. ', 'Uniondale', 'NY', '11553'),
	('172', 'Jeanie', 'Kirkland', NULL, 'jeanie.kirkland@aol.com', '7643 Old Theatre St. ', 'Santa Clara', 'CA', '95050'),
	('173', 'Marquerite', 'Dawson', NULL, 'marquerite.dawson@gmail.com', '37 Hamilton Court ', 'Garland', 'TX', '75043'),
	('174', 'Babara', 'Ochoa', NULL, 'babara.ochoa@aol.com', '872 Smith Store St. ', 'Scarsdale', 'NY', '10583'),
	('175', 'Nova', 'Hess', NULL, 'nova.hess@msn.com', '773 South Lafayette St. ', 'Duarte', 'CA', '91010'),
	('176', 'Carley', 'Reynolds', NULL, 'carley.reynolds@gmail.com', '2 Snake Hill Drive ', 'South El Monte', 'CA', '91733'),
	('177', 'Carissa', 'Foreman', NULL, 'carissa.foreman@msn.com', '69C N. Ridge Rd. ', 'Maspeth', 'NY', '11378'),
	('178', 'Genoveva', 'Tyler', '(212) 152-6381', 'genoveva.tyler@gmail.com', '8121 Windfall Ave. ', 'New York', 'NY', '10002'),
	('179', 'Deane', 'Sears', NULL, 'deane.sears@hotmail.com', '3 Bradford Court ', 'Pittsford', 'NY', '14534'),
	('180', 'Karey', 'Steele', NULL, 'karey.steele@gmail.com', '8879 Kent Lane ', 'Farmingdale', 'NY', '11735'),
	('181', 'Olevia', 'Pitts', NULL, 'olevia.pitts@gmail.com', '39 Fieldstone Drive ', 'Redondo Beach', 'CA', '90278'),
	('182', 'Jenniffer', 'Bullock', NULL, 'jenniffer.bullock@msn.com', '38 Oxford Avenue ', 'Bay Shore', 'NY', '11706'),
	('183', 'Jeniffer', 'Ratliff', NULL, 'jeniffer.ratliff@gmail.com', '510 Rocky River Court ', 'Floral Park', 'NY', '11001'),
	('184', 'Klara', 'Stanley', NULL, 'klara.stanley@aol.com', '603 Mechanic St. ', 'Webster', 'NY', '14580'),
	('185', 'Morton', 'Lee', NULL, 'morton.lee@yahoo.com', '313 Ridge St. ', 'San Angelo', 'TX', '76901'),
	('186', 'Ken', 'Charles', NULL, 'ken.charles@msn.com', '9124 W. Piper Lane ', 'Monsey', 'NY', '10952'),
	('187', 'Hedwig', 'Paul', NULL, 'hedwig.paul@msn.com', '422 Manor Ave. ', 'Apple Valley', 'CA', '92307'),
	('188', 'Sharla', 'Flynn', '(805) 478-7724', 'sharla.flynn@hotmail.com', '7 Brown Drive ', 'Oxnard', 'CA', '93035'),
	('189', 'Damian', 'Dawson', NULL, 'damian.dawson@hotmail.com', '528 St Margarets Street ', 'Liverpool', 'NY', '13090'),
	('190', 'Toya', 'Pratt', '(562) 218-6405', 'toya.pratt@yahoo.com', '485 San Pablo Drive ', 'Long Beach', 'NY', '11561'),
	('191', 'Graciela', 'Barber', '(805) 656-6987', 'graciela.barber@hotmail.com', '1 E. Young St. ', 'Oxnard', 'CA', '93035'),
	('192', 'Bong', 'Hebert', NULL, 'bong.hebert@gmail.com', '545 Brook St. ', 'Torrance', 'CA', '90505'),
	('193', 'Ayanna', 'Rhodes', NULL, 'ayanna.rhodes@msn.com', '7425 Pheasant St. ', 'Hicksville', 'NY', '11801'),
	('194', 'Dorine', 'Roberson', NULL, 'dorine.roberson@msn.com', '396 Meadowbrook Lane ', 'Santa Cruz', 'CA', '95060'),
	('195', 'Addie', 'Hahn', NULL, 'addie.hahn@hotmail.com', '8165 Baker Ave. ', 'Franklin Square', 'NY', '11010'),
	('196', 'Edythe', 'Valencia', NULL, 'edythe.valencia@yahoo.com', '9346 Wall St. ', 'North Tonawanda', 'NY', '14120'),
	('197', 'Andy', 'O\'neill', NULL, 'andy.o\'neill@msn.com', '9544 Mulberry Drive ', 'Rego Park', 'NY', '11374'),
	('198', 'Luis', 'Tyler', NULL, 'luis.tyler@gmail.com', '9568 Campfire Circle ', 'Amarillo', 'TX', '79106'),
	('199', 'Clelia', 'Workman', NULL, 'clelia.workman@yahoo.com', '620 North Somerset St. ', 'New Windsor', 'NY', '12553'),
	('200', 'Ashely', 'Holmes', NULL, 'ashely.holmes@aol.com', '45 High Ridge Ave. ', 'Farmingdale', 'NY', '11735'),
	('201', 'Candis', 'Harding', NULL, 'candis.harding@gmail.com', '33 NW. Cambridge Ave. ', 'Ballston Spa', 'NY', '12020');


    
CREATE TABLE order_id (
    order_id INT PRIMARY KEY,
    customer_id INT,
    order_status INT,
    order_date DATE,
    required_date DATE,
    shipped_date DATE,
    store_id VARCHAR(51),
    staff_id INT,
     FOREIGN KEY (customer_id) REFERENCES customer(customer_id) ,
    FOREIGN KEY (staff_id) REFERENCES staff(staff_id) ,-- assuming 'staff' is the correct table name
	FOREIGN KEY (store_id) REFERENCES stores(store_id)
);


INSERT INTO order_id (order_id, customer_id, order_status, order_date, required_date, shipped_date, store_id, staff_id) VALUES
     (1, 150, 4, '2016-01-01', '2016-03-01', '2016-03-01', 1, 2),
    (2, 12, 4, '2016-01-01', '2016-04-01', '2016-03-01', 2, 6),
    (3, 23, 4, '2016-02-01', '2016-05-01', '2016-03-01', 2, 7),
    (4, 175, 4, '2016-03-01', '2016-04-01', '2016-05-01', 1, 3),
    (5, 24, 4, '2016-03-01', '2016-06-01', '2016-06-01', 2, 6),
    (6, 94, 4, '2016-04-01', '2016-07-01', '2016-05-01', 2, 6),
    (7, 32, 4, '2016-04-01', '2016-07-01', '2016-05-01', 2, 6),
    (8, 04, 4, '2016-04-01', '2016-05-01', '2016-05-01', 2, 7),
    (9, 6, 4, '2016-05-01', '2016-08-01', '2016-08-01', 1, 2),
    (10, 44, 4, '2016-05-01', '2016-06-01', '2016-06-01', 2, 6),
    (11, 26, 4, '2016-05-01', '2016-08-01', '2016-07-01', 2, 7),
    (12, 91, 4, '2016-06-01', '2016-08-01', '2016-09-01', 1, 2),
    (13, 73, 4, '2016-08-01', '2016-11-01', '2016-11-01', 2, 6),
    (14, 58, 4, '2016-09-01', '2016-11-01', '2016-12-01', 1, 3),
    (15, 50, 4, '2016-09-01', '2016-10-01', '2016-12-01', 2, 7),
    (16, 52, 4, '2016-12-01', '2016-01-15', '2016-01-15', 1, 3),
    (17, 11, 4, '2016-12-01', '2016-01-14', '2016-01-14', 1, 3),
    (18, 54, 4, '2016-01-14', '2016-01-17', '2016-01-15', 1, 3),
    (19, 69, 4, '2016-01-14', '2016-01-17', '2016-01-16', 1, 2),
    (20, 23, 4, '2016-01-14', '2016-01-16', '2016-01-17', 1, 2),
    (21, 150, 4, '2016-01-15', '2016-01-16', '2016-01-18', 2, 6),
    (22, 035, 4, '2016-01-16', '2016-01-18', '2016-01-17', 1, 2),
    (23, 149, 4, '2016-01-16', '2016-01-19', '2016-01-19', 1, 2),
    (24, 36, 4, '2016-01-18', '2016-01-20', '2016-01-19', 2, 7),
    (25, 67, 4, '2016-01-18', '2016-01-21', '2016-01-21', 2, 6),
    (26, 80, 4, '2016-01-18', '2016-01-21', '2016-01-19', 2, 7),
    (27, 57, 4, '2016-01-19', '2016-01-21', '2016-01-20', 2, 7),
    (28, 22, 4, '2016-01-19', '2016-01-20', '2016-01-21', 2, 6),
    (29, 47, 4, '2016-01-20', '2016-01-22', '2016-01-21', 2, 6),
    (30, 48, 4, '2016-01-20', '2016-01-21', '2016-01-21', 2, 6),
    (31, 128, 4, '2016-01-20', '2016-01-22', '2016-01-22', 3, 8),
    (32, 159, 4, '2016-01-21', '2016-01-24', '2016-01-22', 1, 3),
    (33, 36, 4, '2016-01-21', '2016-01-22', '2016-01-22', 2, 6),
    (34, 80, 4, '2016-01-22', '2016-01-25', '2016-01-23', 2, 6),
    (35, 83, 4, '2016-01-22', '2016-01-25', '2016-01-24', 2, 7),
    (36, 100, 4, '2016-01-23', '2016-01-24', '2016-01-24', 2, 6),
    (37, 164, 4, '2016-01-25', '2016-01-28', '2016-01-26', 2, 6),
    (38, 58, 4, '2016-01-25', '2016-01-27', '2016-01-26', 2, 7),
    (39, 196, 4, '2016-01-25', '2016-01-26', '2016-01-26', 2, 7),
    (40, 48, 4, '2016-01-27', '2016-01-28', '2016-01-29', 1, 3),
    (41, 79, 4, '2016-01-27', '2016-01-30', '2016-01-29', 2, 6),
    (42, 95, 4, '2016-01-27', '2016-01-28', '2016-01-30', 2, 7),
    (43, 144, 4, '2016-01-27', '2016-01-28', '2016-01-30', 2, 7),
    (44, 61, 4, '2016-01-28', '2016-01-31', '2016-01-30', 2, 7),
    (45, 120, 4, '2016-01-28', '2016-01-31', '2016-01-31', 2, 7),
    (46, 79, 4, '2016-01-29', '2016-01-31', '2016-01-31', 2, 7),
    (47, 134, 4, '2016-01-29', '2016-01-30', '2016-01-31', 2, 7),
    (48, 112, 4, '2016-01-30', '2016-02-01', '2016-02-02', 2, 7),
	(49, 8, 4, '2016-01-31', '2016-02-01', '2016-02-01', 2, 6),
    (50, 7, 4, '2016-01-31', '2016-02-02', '2016-02-02', 2, 6),
    (51, 66, 4, '2016-02-01', '2016-02-03', '2016-02-03', 2, 7),
    (52, 18, 4, '2016-02-02', '2016-02-04', '2016-02-03', 2, 7),
    (53, 98, 4, '2016-02-02', '2016-02-04', '2016-02-04', 2, 6),
    (54, 143, 4, '2016-02-02', '2016-02-04', '2016-02-04', 2, 7),
   (55, 76, 4, '2016-02-03', '2016-02-06', '2016-02-05', 2, 7),
    (56, 113, 4, '2016-02-03', '2016-02-06', '2016-02-06', 2, 6),
    (57, 71, 4, '2016-02-04', '2016-02-07', '2016-02-07', 2, 6),
    (58, 05, 4, '2016-02-04', '2016-02-08', '2016-02-08', 2, 6),
    (59, 35, 4, '2016-02-05', '2016-02-07', '2016-02-09', 2, 6),
    (60, 84, 4, '2016-02-05', '2016-02-07', '2016-02-08', 2, 6),
    (61, 41, 4, '2016-02-06', '2016-02-08', '2016-02-09', 2, 7),
    (62, 31, 4, '2016-02-06', '2016-02-08', '2016-02-08', 2, 6),
    (63, 40, 4, '2016-02-06', '2016-02-09', '2016-02-09', 2, 7),
    (64, 39, 4, '2016-02-07', '2016-02-09', '2016-02-09', 2, 6),
    (65, 187, 4, '2016-02-07', '2016-02-09', '2016-02-09', 2, 6),
    (66, 137, 4, '2016-02-08', '2016-02-09', '2016-02-10', 2, 6),
    (67, 3, 4, '2016-02-09', '2016-02-10', '2016-02-11', 2, 7),
    (68, 168, 4, '2016-02-09', '2016-02-11', '2016-02-11', 2, 7),
    (69, 163, 4, '2016-02-09', '2016-02-12', '2016-02-12', 2, 6),
    (70, 163, 4, '2016-02-10', '2016-02-11', '2016-02-12', 2, 7),
    (71, 192, 4, '2016-02-11', '2016-02-12', '2016-02-12', 2, 6),
    (72, 22, 4, '2016-02-12', '2016-02-13', '2016-02-13', 2, 6),
    (73, 42, 4, '2016-02-12', '2016-02-14', '2016-02-14', 2, 6),
    (74, 104, 4, '2016-02-13', '2016-02-15', '2016-02-14', 2, 6),
    (75, 106, 4, '2016-02-13', '2016-02-15', '2016-02-15', 2, 7),
    (76, 163, 4, '2016-02-14', '2016-02-15', '2016-02-16', 2, 7),
    (77, 199, 4, '2016-02-14', '2016-02-17', '2016-02-16', 2, 7),
    (78, 88, 4, '2016-02-14', '2016-02-17', '2016-02-17', 2, 7),
    (79, 101, 4, '2016-02-15', '2016-02-16', '2016-02-17', 2, 6),
    (80, 44, 4, '2016-02-15', '2016-02-16', '2016-02-16', 2, 7),
    (81, 128, 4, '2016-02-16', '2016-02-17', '2016-02-18', 2, 6),
    (82, 136, 4, '2016-02-16', '2016-02-18', '2016-02-18', 2, 6),
    (83, 104, 4, '2016-02-17', '2016-02-18', '2016-02-19', 2, 7),
    (84, 105, 4, '2016-02-17', '2016-02-19', '2016-02-19', 2, 7),
    (85, 62, 4, '2016-02-18', '2016-02-19', '2016-02-19', 2, 6),
    (86, 57, 4, '2016-02-18', '2016-02-20', '2016-02-20', 2, 7),
    (87, 93, 4, '2016-02-19', '2016-02-20', '2016-02-20', 2, 6),
    (88, 83, 4, '2016-02-20', '2016-02-21', '2016-02-21', 2, 7),
    (89, 97, 4, '2016-02-20', '2016-02-22', '2016-02-21', 2, 7),
    (90, 30, 4, '2016-02-21', '2016-02-22', '2016-02-23', 2, 6),
    (91, 140, 4, '2016-02-21', '2016-02-23', '2016-02-23', 2, 6),
    (92, 22, 4, '2016-02-22', '2016-02-24', '2016-02-24', 2, 6),
    (93, 122, 4, '2016-02-22', '2016-02-25', '2016-02-25', 2, 7),
    (94, 90, 4, '2016-02-23', '2016-02-24', '2016-02-25', 2, 6),
    (95, 71, 4, '2016-02-23', '2016-02-26', '2016-02-26', 2, 6),
    (96, 64, 4, '2016-02-23', '2016-02-25', '2016-02-25', 2, 6),
    (97, 114, 4, '2016-02-24', '2016-02-25', '2016-02-26', 2, 6),
    (98, 194, 4, '2016-02-28', '2016-02-29', '2016-02-29', '2',6),
    (99, 116, 4, '2016-02-29', '2016-03-01', '2016-03-03', '3', 9),
    (100, 137, 4, '2016-03-01', '2016-03-04', '2016-03-03', '2', 7),
    (101, 71, 4, '2016-03-01', '2016-03-04', '2016-03-04', '3', 8),
    (102, 86, 4, '2016-03-02', '2016-03-05', '2016-03-03', '2', 7),
    (103, 91, 4, '2016-03-03', '2016-03-06', '2016-03-05', '1', 2),
    (104, 7, 4, '2016-03-03', '2016-03-05', '2016-03-05', '2', 7),
    (105, 116, 4, '2016-03-03', '2016-03-05', '2016-04-03', '2', 7),
    (106, 122, 4, '2016-03-04', '2016-03-05', '2016-03-05', '3', 9),
    (107, 63, 4, '2016-03-06', '2016-03-09', '2016-03-09', '1', 2),
    (108, 12, 4, '2016-03-06', '2016-03-09', '2016-03-07', '2', 6),
    (109, 155, 4, '2016-03-06', '2016-03-09', '2016-03-09', '2', 6),
    (110, 77, 4, '2016-03-06', '2016-03-08', '2016-03-09', '3', 9),
    (111, 30, 4, '2016-03-07', '2016-03-10', '2016-03-10', '2', 6),
    (112, 69, 4, '2016-03-08', '2016-03-11', '2016-03-10', '2', 6),
    (113, 78, 4, '2016-03-08', '2016-03-11', '2016-03-11', '2', 6),
    (114, 131, 4, '2016-03-08', '2016-03-10', '2016-03-11', '2', 7),
    (115, 69, 4, '2016-03-09', '2016-03-11', '2016-03-11', '2', 7),
    (116, 41, 4, '2016-03-10', '2016-03-11', '2016-03-11', '2', 7),
    (117, 40, 4, '2016-03-10', '2016-03-13', '2016-03-11', '2', 6),
    (118, 77, 4, '2016-03-12', '2016-03-14', '2016-03-13', '1', 2),
    (119, 25, 4, '2016-03-12', '2016-03-14', '2016-03-14', '2', 7),
    (120, 37, 4, '2016-03-14', '2016-03-15', '2016-03-17', '2', 7),
    (121, 75, 4, '2016-03-14', '2016-03-15', '2016-03-16', '2', 6),
    (122, 76, 4, '2016-03-14', '2016-03-16', '2016-03-15', '2', 6),
    (123, 76, 4, '2016-03-15', '2016-03-18', '2016-03-17', '2', 6),
    (124, 43, 4, '2016-03-16', '2016-03-18', '2016-03-17', '1', 3),
    (125, 65, 4, '2016-03-16', '2016-03-19', '2016-03-17', '2', 6),
    (126, 133, 4, '2016-03-16', '2016-03-18', '2016-03-18', '2', 7),
    (127, 48, 4, '2016-03-17', '2016-03-18', '2016-03-19', '3', 8),
    (128, 86, 4, '2016-03-18', '2016-03-20', '2016-03-21', '2', 6),
    (129, 84, 4, '2016-03-19', '2016-03-21', '2016-03-21', '2', 7),
    (130, 149, 4, '2016-03-19', '2016-03-22', '2016-03-20', '2', 6),
    (131, 16, 4, '2016-03-19', '2016-03-22', '2016-03-20', '3', 8),
    (132, 46, 4, '2016-03-20', '2016-03-22', '2016-03-23', '1', 3),
    (133, 49, 4, '2016-03-20', '2016-03-22', '2016-03-21', '2', 7),
    (134, 89, 4, '2016-03-20', '2016-03-21', '2016-03-21', '2', 7),
    (135, 54, 4, '2016-03-21', '2016-03-23', '2016-03-23', '2', 7),
    (136, 192, 4, '2016-03-21', '2016-03-24', '2016-03-23', '3', 8),
    (137, 170, 4, '2016-03-23', '2016-03-26', '2016-03-25', '2', 7),
    (138, 48, 4, '2016-03-23', '2016-03-24', '2016-03-25', '2', 7),
    (139, 70, 4, '2016-03-23', '2016-03-24', '2016-03-26', '2', 7);
    CREATE TABLE orders (
    order_id INT,
    item_id	VARCHAR(52) ,
    product_id	INT,
    quantity	VARCHAR(52),
    list_price	DOUBLE,
    discount	DOUBLE,
    FOREIGN KEY(order_id) REFERENCES order_id(order_id) ,
    FOREIGN KEY(product_id) REFERENCES product(product_id)
);
INSERT INTO orders (order_id, item_id, product_id, quantity, list_price, discount) VALUES
	('1', '1', '20', '1', '599.99', '0.2'),
	('1', '2', '8', '2', '1799.99', '0.07'),
	('1', '3', '10', '2', '1549', '0.05'),
	('1', '4', '16', '2', '599.99', '0.05'),
	('1', '5', '4', '1', '2899.99', '0.2'),
	('2', '1', '20', '1', '599.99', '0.07'),
	('2', '2', '16', '2', '599.99', '0.05'),
	('3', '1', '3', '1', '999.99', '0.05'),
	('3', '2', '20', '1', '599.99', '0.05'),
	('4', '1', '2', '2', '749.99', '0.1'),
	('5', '1', '10', '2', '1549', '0.05'),
	('5', '2', '17', '1', '429', '0.07'),
	('5', '3', '26', '1', '599.99', '0.07'),
	('6', '1', '18', '1', '449', '0.07'),
	('6', '2', '12', '2', '549.99', '0.05'),
	('6', '3', '20', '1', '599.99', '0.1'),
	('6', '4', '3', '2', '999.99', '0.07'),
	('6', '5', '9', '2', '2999.99', '0.07'),
	('7', '1', '15', '1', '529.99', '0.07'),
	('7', '2', '3', '1', '999.99', '0.1'),
	('7', '3', '17', '2', '429', '0.1'),
	('8', '1', '22', '1', '269.99', '0.05'),
	('8', '2', '20', '2', '599.99', '0.07'),
	('9', '1', '7', '2', '3999.99', '0.1'),
	('10', '1', '14', '1', '269.99', '0.1'),
	('11', '1', '8', '1', '1799.99', '0.05'),
	('11', '2', '22', '2', '269.99', '0.1'),
	('11', '3', '16', '2', '599.99', '0.2'),
	('12', '1', '4', '2', '2899.99', '0.1'),
	('12', '2', '11', '1', '1680.99', '0.05'),
	('13', '1', '13', '1', '269.99', '0.1'),
	('13', '2', '17', '2', '429', '0.05'),
	('13', '3', '20', '2', '599.99', '0.1'),
	('13', '4', '16', '2', '599.99', '0.05'),
	('14', '1', '6', '1', '469.99', '0.07'),
	('15', '1', '12', '2', '549.99', '0.07'),
	('15', '2', '8', '1', '1799.99', '0.07'),
	('15', '3', '18', '2', '449', '0.05'),
	('15', '4', '23', '2', '299.99', '0.2'),
	('16', '1', '8', '1', '1799.99', '0.2'),
	('16', '2', '21', '1', '269.99', '0.05'),
	('16', '3', '13', '2', '269.99', '0.07'),
	('16', '4', '14', '1', '269.99', '0.07'),
	('17', '1', '8', '1', '1799.99', '0.07'),
	('17', '2', '23', '1', '299.99', '0.1'),
	('17', '3', '5', '1', '1320.99', '0.1'),
	('17', '4', '20', '2', '599.99', '0.2'),
	('18', '1', '2', '2', '749.99', '0.2'),
	('18', '2', '22', '1', '269.99', '0.05'),
	('18', '3', '7', '1', '3999.99', '0.1'),
	('18', '4', '25', '2', '499.99', '0.05'),
	('18', '5', '9', '2', '2999.99', '0.1'),
	('19', '1', '10', '1', '1549', '0.07'),
	('19', '2', '9', '2', '2999.99', '0.2'),
	('20', '1', '9', '1', '2999.99', '0.07'),
	('20', '2', '10', '2', '1549', '0.07'),
	('21', '1', '14', '1', '269.99', '0.05'),
	('21', '2', '17', '1', '429', '0.1'),
	('21', '3', '10', '1', '1549', '0.07'),
	('22', '1', '15', '2', '529.99', '0.2'),
	('22', '2', '22', '1', '269.99', '0.05'),
	('23', '1', '4', '2', '2899.99', '0.05'),
	('23', '2', '23', '2', '299.99', '0.1'),
	('23', '3', '13', '1', '269.99', '0.2'),
	('24', '1', '3', '2', '999.99', '0.1'),
	('24', '2', '18', '2', '449', '0.07'),
	('25', '1', '23', '2', '299.99', '0.2'),
	('25', '2', '10', '2', '1549', '0.2'),
	('25', '3', '22', '1', '269.99', '0.2'),
	('25', '4', '14', '1', '269.99', '0.2'),
	('25', '5', '21', '1', '269.99', '0.1'),
	('26', '1', '7', '1', '3999.99', '0.05'),
	('26', '2', '2', '1', '749.99', '0.2'),
	('26', '3', '12', '1', '549.99', '0.2'),
	('26', '4', '21', '2', '269.99', '0.07'),
	('27', '1', '5', '1', '1320.99', '0.2'),
	('27', '2', '19', '1', '449', '0.2'),
	('27', '3', '26', '2', '599.99', '0.07'),
	('27', '4', '8', '1', '1799.99', '0.07'),
	('28', '1', '5', '1', '1320.99', '0.05'),
	('28', '2', '7', '2', '3999.99', '0.2'),
	('28', '3', '14', '2', '269.99', '0.1'),
	('28', '4', '6', '1', '469.99', '0.05'),
	('29', '1', '24', '2', '549.99', '0.05'),
	('29', '2', '6', '1', '469.99', '0.2'),
	('29', '3', '21', '2', '269.99', '0.1'),
	('29', '4', '8', '1', '1799.99', '0.2'),
	('29', '5', '14', '2', '269.99', '0.05'),
	('30', '1', '26', '1', '599.99', '0.05'),
	('30', '2', '17', '1', '429', '0.07'),
	('30', '3', '19', '1', '449', '0.1'),
	('30', '4', '4', '1', '2899.99', '0.1'),
	('30', '5', '7', '2', '3999.99', '0.1'),
	('31', '1', '11', '2', '1680.99', '0.05'),
	('31', '2', '9', '2', '2999.99', '0.2'),
	('32', '1', '8', '2', '1799.99', '0.07'),
	('32', '2', '12', '2', '549.99', '0.07'),
	('32', '3', '25', '2', '499.99', '0.1'),
	('33', '1', '23', '2', '299.99', '0.07'),
	('33', '2', '7', '1', '3999.99', '0.1'),
	('34', '1', '8', '2', '1799.99', '0.07'),
	('34', '2', '10', '2', '1549', '0.1'),
	('34', '3', '17', '2', '429', '0.2'),
	('35', '1', '18', '1', '449', '0.05'),
	('35', '2', '20', '2', '599.99', '0.05'),
	('35', '3', '5', '1', '1320.99', '0.2'),
	('35', '4', '21', '2', '269.99', '0.07'),
	('35', '5', '22', '1', '269.99', '0.07'),
	('36', '1', '9', '1', '2999.99', '0.07'),
	('36', '2', '5', '1', '1320.99', '0.05'),
	('36', '3', '3', '2', '999.99', '0.2'),
	('37', '1', '16', '2', '599.99', '0.05'),
	('38', '1', '7', '2', '3999.99', '0.05'),
	('38', '2', '23', '1', '299.99', '0.07'),
	('38', '3', '25', '1', '499.99', '0.2'),
	('38', '4', '10', '2', '1549', '0.1'),
	('38', '5', '24', '1', '549.99', '0.07'),
	('39', '1', '22', '2', '269.99', '0.2'),
	('39', '2', '16', '2', '599.99', '0.2'),
	('39', '3', '3', '2', '999.99', '0.05'),
	('39', '4', '15', '1', '529.99', '0.1'),
	('40', '1', '17', '1', '429', '0.2'),
	('40', '2', '8', '2', '1799.99', '0.2'),
	('41', '1', '5', '1', '1320.99', '0.1'),
	('41', '2', '19', '2', '449', '0.2'),
	('41', '3', '26', '2', '599.99', '0.2'),
	('42', '1', '19', '1', '449', '0.05'),
	('43', '1', '13', '2', '269.99', '0.1'),
	('43', '2', '12', '2', '549.99', '0.05'),
	('44', '1', '7', '1', '3999.99', '0.1'),
	('44', '2', '16', '1', '599.99', '0.05'),
	('45', '1', '4', '2', '2899.99', '0.2'),
	('45', '2', '22', '1', '269.99', '0.07'),
	('45', '3', '21', '2', '269.99', '0.05'),
	('46', '1', '17', '1', '429', '0.1'),
	('47', '1', '6', '1', '469.99', '0.05'),
	('47', '2', '15', '1', '529.99', '0.1'),
	('47', '3', '25', '2', '499.99', '0.07'),
	('47', '4', '13', '1', '269.99', '0.2'),
	('48', '1', '11', '1', '1680.99', '0.1'),
	('48', '2', '4', '1', '2899.99', '0.2'),
	('48', '3', '5', '2', '1320.99', '0.1'),
	('48', '4', '14', '2', '269.99', '0.07'),
	('49', '1', '13', '2', '269.99', '0.07'),
	('50', '1', '3', '1', '999.99', '0.05'),
	('50', '2', '26', '2', '599.99', '0.07'),
	('50', '3', '13', '2', '269.99', '0.2'),
	('51', '1', '13', '1', '269.99', '0.05'),
	('51', '2', '20', '1', '599.99', '0.05'),
	('51', '3', '26', '2', '599.99', '0.2'),
	('52', '1', '25', '1', '499.99', '0.07'),
	('53', '1', '8', '2', '1799.99', '0.2'),
	('53', '2', '23', '2', '299.99', '0.05'),
	('53', '3', '14', '2', '269.99', '0.2'),
	('53', '4', '25', '2', '499.99', '0.1'),
	('54', '1', '26', '2', '599.99', '0.2'),
	('54', '2', '3', '1', '999.99', '0.2'),
	('55', '1', '21', '1', '269.99', '0.05'),
	('55', '2', '25', '2', '499.99', '0.2'),
	('55', '3', '15', '2', '529.99', '0.2'),
	('56', '1', '20', '2', '599.99', '0.07'),
	('57', '1', '23', '2', '299.99', '0.1'),
	('57', '2', '19', '2', '449', '0.2'),
	('57', '3', '13', '1', '269.99', '0.07'),
	('58', '1', '14', '2', '269.99', '0.05'),
	('58', '2', '18', '1', '449', '0.07'),
	('58', '3', '23', '1', '299.99', '0.1'),
	('59', '1', '21', '1', '269.99', '0.05'),
	('59', '2', '2', '1', '749.99', '0.1'),
	('59', '3', '17', '2', '429', '0.1'),
	('60', '1', '14', '2', '269.99', '0.05'),
	('60', '2', '4', '1', '2899.99', '0.1'),
	('60', '3', '15', '1', '529.99', '0.07'),
	('60', '4', '22', '1', '269.99', '0.2'),
	('61', '1', '25', '1', '499.99', '0.1'),
	('61', '2', '15', '2', '529.99', '0.05'),
	('61', '3', '5', '2', '1320.99', '0.2'),
	('62', '1', '14', '1', '269.99', '0.07'),
	('62', '2', '8', '2', '1799.99', '0.1'),
	('62', '3', '22', '2', '269.99', '0.1'),
	('63', '1', '25', '2', '499.99', '0.1'),
	('63', '2', '19', '2', '449', '0.05'),
	('63', '3', '3', '1', '999.99', '0.1'),
	('64', '1', '25', '2', '499.99', '0.1'),
	('64', '2', '22', '2', '269.99', '0.2'),
	('64', '3', '23', '2', '299.99', '0.2'),
	('64', '4', '24', '2', '549.99', '0.1'),
	('65', '1', '12', '1', '549.99', '0.1'),
	('66', '1', '2', '1', '749.99', '0.2'),
	('66', '2', '23', '1', '299.99', '0.07'),
	('66', '3', '12', '1', '549.99', '0.07'),
	('67', '1', '23', '2', '299.99', '0.2'),
	('67', '2', '12', '2', '549.99', '0.1'),
	('67', '3', '21', '1', '269.99', '0.2'),
	('67', '4', '5', '2', '1320.99', '0.1'),
	('67', '5', '19', '1', '449', '0.2'),
	('68', '1', '13', '2', '269.99', '0.07'),
	('68', '2', '17', '1', '429', '0.1'),
	('69', '1', '22', '2', '269.99', '0.1'),
	('69', '2', '5', '1', '1320.99', '0.2'),
	('69', '3', '10', '1', '1549', '0.05'),
	('70', '1', '3', '2', '999.99', '0.05'),
	('70', '2', '18', '1', '449', '0.2'),
	('70', '3', '20', '1', '599.99', '0.05'),
	('71', '1', '26', '2', '599.99', '0.05'),
	('71', '2', '24', '1', '549.99', '0.2'),
	('71', '3', '18', '1', '449', '0.1'),
	('72', '1', '17', '2', '429', '0.07'),
	('72', '2', '12', '1', '549.99', '0.05'),
	('72', '3', '13', '2', '269.99', '0.1'),
	('73', '1', '22', '1', '269.99', '0.07'),
	('73', '2', '26', '2', '599.99', '0.05'),
	('73', '3', '3', '2', '999.99', '0.07'),
	('73', '4', '25', '1', '499.99', '0.07'),
	('73', '5', '23', '2', '299.99', '0.2'),
	('74', '1', '16', '2', '599.99', '0.05'),
	('74', '2', '6', '1', '469.99', '0.07'),
	('75', '1', '3', '1', '999.99', '0.1'),
	('75', '2', '7', '2', '3999.99', '0.07'),
	('75', '3', '15', '1', '529.99', '0.2'),
	('76', '1', '12', '1', '549.99', '0.05'),
	('76', '2', '11', '2', '1680.99', '0.1'),
	('76', '3', '5', '1', '1320.99', '0.07'),
	('77', '1', '20', '1', '599.99', '0.07'),
	('77', '2', '24', '2', '549.99', '0.1'),
	('77', '3', '26', '1', '599.99', '0.2'),
	('77', '4', '25', '1', '499.99', '0.2'),
	('78', '1', '17', '1', '429', '0.07'),
	('78', '2', '19', '1', '449', '0.2'),
	('78', '3', '18', '2', '449', '0.1'),
	('78', '4', '14', '2', '269.99', '0.1'),
	('79', '1', '9', '2', '2999.99', '0.1'),
	('79', '2', '17', '2', '429', '0.05'),
	('79', '3', '6', '1', '469.99', '0.1'),
	('79', '4', '25', '2', '499.99', '0.07'),
	('80', '1', '26', '1', '599.99', '0.1'),
	('80', '2', '24', '1', '549.99', '0.1'),
	('80', '3', '17', '1', '429', '0.2'),
	('81', '1', '10', '2', '1549', '0.2'),
	('81', '2', '23', '2', '299.99', '0.05'),
    ('81', '3', '25', '2', '499.99', '0.05'),
	('82', '1', '25', '2', '499.99', '0.1'),
	('82', '2', '11', '2', '1680.99', '0.2'),
	('83', '1', '20', '1', '599.99', '0.2'),
	('83', '2', '3', '2', '999.99', '0.05'),
	('84', '1', '23', '2', '299.99', '0.07'),
	('84', '2', '15', '2', '529.99', '0.07'),
	('85', '1', '4', '2', '2899.99', '0.05'),
	('85', '2', '18', '1', '449', '0.07'),
	('86', '1', '9', '2', '2999.99', '0.1'),
	('86', '2', '23', '2', '299.99', '0.07'),
	('86', '3', '21', '2', '269.99', '0.2'),
	('86', '4', '15', '1', '529.99', '0.1'),
	('87', '1', '20', '2', '599.99', '0.2'),
	('87', '2', '23', '2', '299.99', '0.1'),
	('88', '1', '10', '1', '1549', '0.07'),
	('88', '2', '8', '2', '1799.99', '0.1'),
	('88', '3', '7', '1', '3999.99', '0.1'),
	('89', '1', '5', '1', '1320.99', '0.05'),
	('89', '2', '6', '2', '469.99', '0.1'),
	('90', '1', '3', '1', '999.99', '0.1'),
	('90', '2', '6', '1', '469.99', '0.07'),
	('91', '1', '11', '1', '1680.99', '0.1'),
	('91', '2', '25', '1', '499.99', '0.05'),
	('91', '3', '15', '2', '529.99', '0.07'),
	('91', '4', '13', '2', '269.99', '0.07'),
	('92', '1', '8', '1', '1799.99', '0.1'),
	('93', '1', '22', '2', '269.99', '0.07'),
	('93', '2', '17', '1', '429', '0.05'),
	('93', '3', '21', '1', '269.99', '0.1'),
	('93', '4', '2', '1', '749.99', '0.2'),
	('93', '5', '10', '2', '1549', '0.07'),
	('94', '1', '12', '1', '549.99', '0.05'),
	('94', '2', '4', '1', '2899.99', '0.2'),
	('94', '3', '11', '1', '1680.99', '0.2'),
	('94', '4', '21', '2', '269.99', '0.07'),
	('95', '1', '10', '2', '1549', '0.2'),
	('95', '2', '19', '1', '449', '0.1'),
	('95', '3', '8', '2', '1799.99', '0.2'),
	('95', '4', '20', '2', '599.99', '0.05'),
	('96', '1', '26', '1', '599.99', '0.1'),
	('96', '2', '23', '1', '299.99', '0.05'),
	('97', '1', '20', '2', '599.99', '0.2'),
	('97', '2', '2', '1', '749.99', '0.07'),
	('97', '3', '6', '2', '469.99', '0.2'),
	('97', '4', '19', '1', '449', '0.1'),
	('98', '1', '19', '1', '449', '0.07'),
	('98', '2', '21', '1', '269.99', '0.1'),
	('98', '3', '2', '1', '749.99', '0.2'),
	('98', '4', '22', '2', '269.99', '0.2'),
	('99', '1', '13', '1', '269.99', '0.2'),
	('99', '2', '21', '1', '269.99', '0.2'),
	('99', '3', '25', '2', '499.99', '0.05'),
	('99', '4', '7', '2', '3999.99', '0.07'),
	('99', '5', '23', '2', '299.99', '0.2'),
	('100', '1', '12', '2', '549.99', '0.05'),
    ('100', '2', '11', '2', '1680.99', '0.1'),
	('100', '3', '7', '2', '3999.99', '0.2'),
	('100', '4', '16', '2', '599.99', '0.2'),
	('100', '5', '24', '2', '549.99', '0.1'),
	('101', '1', '12', '2', '549.99', '0.2'),
	('102', '1', '15', '1', '529.99', '0.05'),
	('102', '2', '22', '1', '269.99', '0.07'),
	('103', '1', '17', '1', '429', '0.07'),
	('103', '2', '3', '1', '999.99', '0.05'),
	('103', '3', '18', '1', '449', '0.2'),
	('103', '4', '15', '2', '529.99', '0.1'),
	('103', '5', '9', '2', '2999.99', '0.1'),
	('104', '1', '19', '2', '449', '0.1'),
	('104', '2', '26', '1', '599.99', '0.05'),
	('105', '1', '11', '2', '1680.99', '0.2'),
	('105', '2', '3', '1', '999.99', '0.05'),
	('105', '3', '9', '1', '2999.99', '0.05'),
	('106', '1', '17', '1', '429', '0.1'),
	('106', '2', '13', '2', '269.99', '0.1'),
	('107', '1', '19', '1', '449', '0.2'),
	('107', '2', '13', '2', '269.99', '0.1'),
	('108', '1', '11', '1', '1680.99', '0.1'),
	('108', '2', '22', '2', '269.99', '0.07'),
	('108', '3', '16', '2', '599.99', '0.05'),
	('109', '1', '22', '2', '269.99', '0.1'),
	('109', '2', '6', '1', '469.99', '0.07'),
	('110', '1', '14', '1', '269.99', '0.1'),
	('111', '1', '14', '1', '269.99', '0.1'),
	('111', '2', '12', '2', '549.99', '0.07'),
	('112', '1', '23', '2', '299.99', '0.2'),
	('112', '2', '25', '2', '499.99', '0.07'),
	('112', '3', '24', '2', '549.99', '0.05'),
	('112', '4', '5', '1', '1320.99', '0.2'),
	('113', '1', '12', '2', '549.99', '0.07'),
	('113', '2', '24', '2', '549.99', '0.1'),
	('113', '3', '6', '1', '469.99', '0.07'),
	('113', '4', '23', '1', '299.99', '0.2'),
	('113', '5', '5', '2', '1320.99', '0.2'),
	('114', '1', '12', '1', '549.99', '0.05'),
	('114', '2', '2', '1', '749.99', '0.07'),
	('114', '3', '13', '2', '269.99', '0.1'),
	('115', '1', '22', '1', '269.99', '0.2'),
	('115', '2', '19', '1', '449', '0.1'),
	('116', '1', '26', '1', '599.99', '0.05'),
	('117', '1', '22', '2', '269.99', '0.2'),
	('117', '2', '26', '1', '599.99', '0.05'),
	('117', '3', '14', '1', '269.99', '0.2'),
	('117', '4', '19', '1', '449', '0.05'),
	('118', '1', '18', '1', '449', '0.07'),
	('118', '2', '4', '1', '2899.99', '0.07'),
	('118', '3', '6', '1', '469.99', '0.07'),
	('118', '4', '3', '2', '999.99', '0.1'),
	('118', '5', '23', '2', '299.99', '0.07'),
	('119', '1', '25', '1', '499.99', '0.05'),
	('120', '1', '13', '2', '269.99', '0.05'),
	('120', '2', '6', '2', '469.99', '0.05'),
	('120', '3', '10', '2', '1549', '0.05'),
	('120', '4', '17', '1', '429', '0.05'),
	('120', '5', '16', '2', '599.99', '0.2'),
	('121', '1', '5', '1', '1320.99', '0.2'),
	('121', '2', '14', '2', '269.99', '0.1'),
	('121', '3', '4', '2', '2899.99', '0.1'),
	('121', '4', '24', '2', '549.99', '0.07'),
	('121', '5', '2', '2', '749.99', '0.05'),
	('122', '1', '16', '1', '599.99', '0.1'),
	('123', '1', '12', '2', '549.99', '0.1'),
	('124', '1', '16', '1', '599.99', '0.05'),
	('124', '2', '4', '1', '2899.99', '0.07'),
	('124', '3', '7', '2', '3999.99', '0.05'),
	('125', '1', '17', '1', '429', '0.1'),
	('126', '1', '9', '2', '2999.99', '0.05'),
	('127', '1', '17', '1', '429', '0.07'),
	('127', '2', '20', '1', '599.99', '0.1'),
	('127', '3', '4', '2', '2899.99', '0.07'),
	('128', '1', '24', '2', '549.99', '0.1'),
	('128', '2', '16', '2', '599.99', '0.1'),
	('128', '3', '4', '2', '2899.99', '0.2'),
	('128', '4', '3', '2', '999.99', '0.2'),
	('129', '1', '18', '1', '449', '0.1'),
	('129', '2', '9', '1', '2999.99', '0.1'),
	('130', '1', '26', '1', '599.99', '0.05'),
	('130', '2', '5', '2', '1320.99', '0.07'),
	('131', '1', '22', '2', '269.99', '0.2'),
	('131', '2', '4', '2', '2899.99', '0.07'),
	('131', '3', '24', '2', '549.99', '0.1'),
	('132', '1', '2', '2', '749.99', '0.05'),
	('132', '2', '20', '1', '599.99', '0.05'),
	('132', '3', '9', '1', '2999.99', '0.1'),
	('133', '1', '13', '2', '269.99', '0.05'),
	('133', '2', '22', '1', '269.99', '0.2'),
	('134', '1', '19', '2', '449', '0.1'),
	('134', '2', '2', '2', '749.99', '0.07');
    insert into orders values 
	('134', '3', '18', '2', '449', '0.07'),
	('135', '1', '5', '2', '1320.99', '0.05'),
	('135', '2', '18', '2', '449', '0.05'),
	('135', '3', '25', '1', '499.99', '0.2'),
	('135', '4', '2', '1', '749.99', '0.05'),
	('136', '1', '7', '2', '3999.99', '0.2'),
	('136', '2', '3', '2', '999.99', '0.05'),
	('137', '1', '23', '1', '299.99', '0.07'),
	('137', '2', '22', '1', '269.99', '0.1'),
	('138', '1', '16', '2', '599.99', '0.1'),
	('138', '2', '6', '1', '469.99', '0.2'),
	('139', '1', '19', '2', '449', '0.07');

	
    select* from orders ;
    
    CREATE TABLE product (
    product_id INT PRIMARY KEY,
    product_name VARCHAR(50),
    brand_id INT,
    category_id INT ,
    model_year INT,
    list_price DOUBLE,
    FOREIGN KEY (brand_id) REFERENCES brands(brand_id)
    ON UPDATE CASCADE 
	ON DELETE CASCADE,
    FOREIGN KEY (category_id) REFERENCES category(category_id )
);


INSERT INTO product(product_id, product_name, brand_id, category_id, model_year, list_price) VALUES
	('1', 'Trek 820 - 2016', '9', '6', '2016', '379.99'),
	('2', 'Ritchey Timberwolf Frameset - 2016', '5', '6', '2016', '749.99'),
	('3', 'Surly Wednesday Frameset - 2016', '8', '6', '2016', '999.99'),
	('4', 'Trek Fuel EX 8 29 - 2016', '9', '6', '2016', '2899.99'),
	('5', 'Heller Shagamaw Frame - 2016', '3', '6', '2016', '1320.99'),
	('6', 'Surly Ice Cream Truck Frameset - 2016', '8', '6', '2016', '469.99'),
	('7', 'Trek Slash 8 27.5 - 2016', '9', '6', '2016', '3999.99'),
	('8', 'Trek Remedy 29 Carbon Frameset - 2016', '9', '6', '2016', '1799.99'),
	('9', 'Trek Conduit+ - 2016', '9', '5', '2016', '2999.99'),
	('10', 'Surly Straggler - 2016', '8', '4', '2016', '1549'),
	('11', 'Surly Straggler 650b - 2016', '8', '4', '2016', '1680.99'),
	('12', 'Electra Townie Original 21D - 2016', '1', '3', '2016', '549.99'),
	('13', 'Electra Cruiser 1 (24-Inch) - 2016', '1', '3', '2016', '269.99'),
	('14', 'Electra Girl\'s Hawaii 1 (16-inch) - 2015/2016', '1', '3', '2016', '269.99'),
	('15', 'Electra Moto 1 - 2016', '1', '3', '2016', '529.99'),
	('16', 'Electra Townie Original 7D EQ - 2016', '1', '3', '2016', '599.99'),
	('17', 'Pure Cycles Vine 8-Speed - 2016', '4', '3', '2016', '429'),
	('18', 'Pure Cycles Western 3-Speed - Women\'s - 2015/2016', '4', '3', '2016', '449'),
	('19', 'Pure Cycles William 3-Speed - 2016', '4', '3', '2016', '449'),
	('20', 'Electra Townie Original 7D EQ - Women\'s - 2016', '1', '3', '2016', '599.99'),
	('21', 'Electra Cruiser 1 (24-Inch) - 2016', '1', '1', '2016', '269.99'),
	('22', 'Electra Girl\'s Hawaii 1 (16-inch) - 2015/2016', '1', '1', '2016', '269.99'),
	('23', 'Electra Girl\'s Hawaii 1 (20-inch) - 2015/2016', '1', '1', '2016', '299.99'),
	('24', 'Electra Townie Original 21D - 2016', '1', '2', '2016', '549.99'),
	('25', 'Electra Townie Original 7D - 2015/2016', '1', '2', '2016', '499.99'),
	('26', 'Electra Townie Original 7D EQ - 2016', '1', '2', '2016', '599.99'),
	('27', 'Surly Big Dummy Frameset - 2017', '8', '6', '2017', '999.99'),
	('28', 'Surly Karate Monkey 27.5+ Frameset - 2017', '8', '6', '2017', '2499.99'),
	('29', 'Trek X-Caliber 8 - 2017', '9', '6', '2017', '999.99'),
	('30', 'Surly Ice Cream Truck Frameset - 2017', '8', '6', '2017', '999.99'),
	('31', 'Surly Wednesday - 2017', '8', '6', '2017', '1632.99'),
	('32', 'Trek Farley Alloy Frameset - 2017', '9', '6', '2017', '469.99'),
	('33', 'Surly Wednesday Frameset - 2017', '8', '6', '2017', '469.99'),
	('34', 'Trek Session DH 27.5 Carbon Frameset - 2017', '9', '6', '2017', '469.99'),
	('35', 'Sun Bicycles Spider 3i - 2017', '7', '6', '2017', '832.99'),
	('36', 'Surly Troll Frameset - 2017', '8', '6', '2017', '832.99'),
	('37', 'Haro Flightline One ST - 2017', '2', '6', '2017', '379.99'),
	('38', 'Haro Flightline Two 26 Plus - 2017', '2', '6', '2017', '549.99'),
	('39', 'Trek Stache 5 - 2017', '9', '6', '2017', '1499.99'),
	('40', 'Trek Fuel EX 9.8 29 - 2017', '9', '6', '2017', '4999.99'),
	('41', 'Haro Shift R3 - 2017', '2', '6', '2017', '1469.99'),
	('42', 'Trek Fuel EX 5 27.5 Plus - 2017', '9', '6', '2017', '2299.99'),
	('43', 'Trek Fuel EX 9.8 27.5 Plus - 2017', '9', '6', '2017', '5299.99'),
	('44', 'Haro SR 1.1 - 2017', '2', '6', '2017', '539.99'),
	('45', 'Haro SR 1.2 - 2017', '2', '6', '2017', '869.99'),
	('46', 'Haro SR 1.3 - 2017', '2', '6', '2017', '1409.99'),
	('47', 'Trek Remedy 9.8 - 2017', '9', '6', '2017', '5299.99'),
	('48', 'Trek Emonda S 4 - 2017', '9', '7', '2017', '1499.99'),
	('49', 'Trek Domane SL 6 - 2017', '9', '7', '2017', '3499.99'),
	('50', 'Trek Silque SLR 7 Women\'s - 2017', '9', '7', '2017', '5999.99'),
	('51', 'Trek Silque SLR 8 Women\'s - 2017', '9', '7', '2017', '6499.99'),
	('52', 'Surly Steamroller - 2017', '8', '7', '2017', '875.99'),
	('53', 'Surly Ogre Frameset - 2017', '8', '7', '2017', '749.99'),
	('54', 'Trek Domane SL Disc Frameset - 2017', '9', '7', '2017', '3199.99'),
	('55', 'Trek Domane S 6 - 2017', '9', '7', '2017', '2699.99'),
	('56', 'Trek Domane SLR 6 Disc - 2017', '9', '7', '2017', '5499.99'),
	('57', 'Trek Emonda S 5 - 2017', '9', '7', '2017', '1999.99'),
	('58', 'Trek Madone 9.2 - 2017', '9', '7', '2017', '4999.99'),
	('59', 'Trek Domane S 5 Disc - 2017', '9', '7', '2017', '2599.99'),
	('60', 'Sun Bicycles ElectroLite - 2017', '7', '5', '2017', '1559.99'),
	('61', 'Trek Powerfly 8 FS Plus - 2017', '9', '5', '2017', '4999.99'),
	('62', 'Trek Boone 7 - 2017', '9', '4', '2017', '3499.99'),
	('63', 'Trek Boone Race Shop Limited - 2017', '9', '4', '2017', '3499.99'),
	('64', 'Electra Townie Original 7D - 2017', '1', '3', '2017', '489.99'),
	('65', 'Sun Bicycles Lil Bolt Type-R - 2017', '7', '3', '2017', '346.99'),
	('66', 'Sun Bicycles Revolutions 24 - 2017', '7', '3', '2017', '250.99'),
	('67', 'Sun Bicycles Revolutions 24 - Girl\'s - 2017', '7', '3', '2017', '250.99'),
	('68', 'Sun Bicycles Cruz 3 - 2017', '7', '3', '2017', '449.99'),
	('69', 'Sun Bicycles Cruz 7 - 2017', '7', '3', '2017', '416.99'),
	('70', 'Electra Amsterdam Original 3i - 2015/2017', '1', '3', '2017', '659.99'),
	('71', 'Sun Bicycles Atlas X-Type - 2017', '7', '3', '2017', '416.99'),
	('72', 'Sun Bicycles Biscayne Tandem 7 - 2017', '7', '3', '2017', '619.99'),
	('73', 'Sun Bicycles Brickell Tandem 7 - 2017', '7', '3', '2017', '749.99'),
	('74', 'Electra Cruiser Lux 1 - 2017', '1', '3', '2017', '439.99'),
	('75', 'Electra Cruiser Lux Fat Tire 1 Ladies - 2017', '1', '3', '2017', '599.99'),
	('76', 'Electra Girl\'s Hawaii 1 16" - 2017', '1', '3', '2017', '299.99'),
	('77', 'Electra Glam Punk 3i Ladies\' - 2017', '1', '3', '2017', '799.99'),
	('78', 'Sun Bicycles Biscayne Tandem CB - 2017', '7', '3', '2017', '647.99'),
	('79', 'Sun Bicycles Boardwalk (24-inch Wheels) - 2017', '7', '3', '2017', '402.99'),
	('80', 'Sun Bicycles Brickell Tandem CB - 2017', '7', '3', '2017', '761.99'),
	('81', 'Electra Amsterdam Fashion 7i Ladies\' - 2017', '1', '3', '2017', '1099.99'),
	('82', 'Electra Amsterdam Original 3i Ladies\' - 2017', '1', '3', '2017', '659.99'),
	('83', 'Trek Boy\'s Kickster - 2015/2017', '9', '1', '2017', '149.99'),
	('84', 'Sun Bicycles Lil Kitt\'n - 2017', '7', '1', '2017', '109.99'),
	('85', 'Haro Downtown 16 - 2017', '2', '1', '2017', '329.99'),
	('86', 'Trek Girl\'s Kickster - 2017', '9', '1', '2017', '149.99'),
	('87', 'Trek Precaliber 12 Boys - 2017', '9', '1', '2017', '189.99'),
	('88', 'Trek Precaliber 12 Girls - 2017', '9', '1', '2017', '189.99'),
	('89', 'Trek Precaliber 16 Boys - 2017', '9', '1', '2017', '209.99'),
	('90', 'Trek Precaliber 16 Girls - 2017', '9', '1', '2017', '209.99'),
	('91', 'Trek Precaliber 24 (21-Speed) - Girls - 2017', '9', '1', '2017', '349.99'),
	('92', 'Haro Shredder 20 - 2017', '2', '1', '2017', '209.99'),
	('93', 'Haro Shredder 20 Girls - 2017', '2', '1', '2017', '209.99'),
	('94', 'Haro Shredder Pro 20 - 2017', '2', '1', '2017', '249.99'),
	('95', 'Electra Girl\'s Hawaii 1 16" - 2017', '1', '1', '2017', '299.99'),
	('96', 'Electra Moto 3i (20-inch) - Boy\'s - 2017', '1', '1', '2017', '349.99'),
	('97', 'Electra Savannah 3i (20-inch) - Girl\'s - 2017', '1', '1', '2017', '349.99'),
	('98', 'Electra Straight 8 3i (20-inch) - Boy\'s - 2017', '1', '1', '2017', '489.99'),
	('99', 'Electra Sugar Skulls 1 (20-inch) - Girl\'s - 2017', '1', '1', '2017', '299.99'),
	('100', 'Electra Townie 3i EQ (20-inch) - Boys\' - 2017', '1', '1', '2017', '489.99'),
	('101', 'Electra Townie 7D (20-inch) - Boys\' - 2017', '1', '1', '2017', '339.99'),
	('102', 'Electra Townie Original 7D - 2017', '1', '2', '2017', '489.99'),
	('103', 'Sun Bicycles Streamway 3 - 2017', '7', '2', '2017', '551.99'),
	('104', 'Sun Bicycles Streamway - 2017', '7', '2', '2017', '481.99'),
	('105', 'Sun Bicycles Streamway 7 - 2017', '7', '2', '2017', '533.99'),
	('106', 'Sun Bicycles Cruz 3 - 2017', '7', '2', '2017', '449.99'),
	('107', 'Sun Bicycles Cruz 7 - 2017', '7', '2', '2017', '416.99'),
	('108', 'Sun Bicycles Cruz 3 - Women\'s - 2017', '7', '2', '2017', '449.99'),
	('109', 'Sun Bicycles Cruz 7 - Women\'s - 2017', '7', '2', '2017', '416.99'),
	('110', 'Sun Bicycles Drifter 7 - 2017', '7', '2', '2017', '470.99'),
	('111', 'Sun Bicycles Drifter 7 - Women\'s - 2017', '7', '2', '2017', '470.99'),
	('112', 'Trek 820 - 2018', '9', '6', '2018', '379.99'),
	('113', 'Trek Marlin 5 - 2018', '9', '6', '2018', '489.99'),
	('114', 'Trek Marlin 6 - 2018', '9', '6', '2018', '579.99'),
	('115', 'Trek Fuel EX 8 29 - 2018', '9', '6', '2018', '3199.99'),
	('116', 'Trek Marlin 7 - 2017/2018', '9', '6', '2018', '749.99'),
	('117', 'Trek Ticket S Frame - 2018', '9', '6', '2018', '1469.99'),
	('118', 'Trek X-Caliber 8 - 2018', '9', '6', '2018', '999.99'),
	('119', 'Trek Kids\' Neko - 2018', '9', '6', '2018', '469.99'),
	('120', 'Trek Fuel EX 7 29 - 2018', '9', '6', '2018', '2499.99'),
	('121', 'Surly Krampus Frameset - 2018', '8', '6', '2018', '2499.99'),
	('122', 'Surly Troll Frameset - 2018', '8', '6', '2018', '2499.99'),
	('123', 'Trek Farley Carbon Frameset - 2018', '9', '6', '2018', '999.99'),
	('124', 'Surly Krampus - 2018', '8', '6', '2018', '1499'),
	('125', 'Trek Kids\' Dual Sport - 2018', '9', '6', '2018', '469.99'),
	('126', 'Surly Big Fat Dummy Frameset - 2018', '8', '6', '2018', '469.99'),
	('127', 'Surly Pack Rat Frameset - 2018', '8', '6', '2018', '469.99'),
	('128', 'Surly ECR 27.5 - 2018', '8', '6', '2018', '1899'),
	('129', 'Trek X-Caliber 7 - 2018', '9', '6', '2018', '919.99'),
	('130', 'Trek Stache Carbon Frameset - 2018', '9', '6', '2018', '919.99'),
	('131', 'Heller Bloodhound Trail - 2018', '3', '6', '2018', '2599'),
	('132', 'Trek Procal AL Frameset - 2018', '9', '6', '2018', '1499.99'),
	('133', 'Trek Procaliber Frameset - 2018', '9', '6', '2018', '1499.99'),
	('134', 'Trek Remedy 27.5 C Frameset - 2018', '9', '6', '2018', '1499.99');
CREATE TABLE staff (
    staff_id INT PRIMARY KEY,
    first_name VARCHAR(50),
    last_name VARCHAR(50),
    email VARCHAR(50),
    phone VARCHAR(50),
    active VARCHAR(50),
    store_id VARCHAR(51),
    manager_id VARCHAR(51),
    FOREIGN KEY (store_id) REFERENCES stores(store_id) -- Assuming the stores table exists
);
  

INSERT INTO staff (staff_id, first_name, last_name, email, phone, active, store_id, manager_id) VALUES
    (1, 'Fabiola', 'Jackson', 'fabiola.jackson@bikes.shop', '(831) 555-5554', '1', '1', NULL),
    (2, 'Mireya', 'Copeland', 'mireya.copeland@bikes.shop', '(831) 555-5555', '1', '1', '1'),
    (3, 'Genna', 'Serrano', 'genna.serrano@bikes.shop', '(831) 555-5556', '1', '1', '2'),
    (4, 'Virgie', 'Wiggins', 'virgie.wiggins@bikes.shop', '(831) 555-5557', '1', '1', '2'),
    (5, 'Jannette', 'David', 'jannette.david@bikes.shop', '(516) 379-4444', '1', '2', '1'),
    (6, 'Marcelene', 'Boyer', 'marcelene.boyer@bikes.shop', '(516) 379-4445', '1', '2', '5'),
    (7, 'Venita', 'Daniel', 'venita.daniel@bikes.shop', '(516) 379-4446', '1', '2', '5'),
    (8, 'Kali', 'Vargas', 'kali.vargas@bikes.shop', '(972) 530-5555', '1', '3', '1'),
    (9, 'Layla', 'Terrell', 'layla.terrell@bikes.shop', '(972) 530-5556', '1', '3', '7'),
    (10, 'Bernardine', 'Houston', 'bernardine.houston@bikes.shop', '(972) 530-5557', '1', '3', '7');
    
    CREATE TABLE stocks(
    store_id VARCHAR(51),
    product_id INT,
    quantity INT,
    FOREIGN KEY (store_id) REFERENCES stores(store_id) ,-- Specify the correct parent table
  FOREIGN KEY (product_id) REFERENCES  product (Product_id) 
);

INSERT INTO stocks (store_id, product_id, quantity) VALUES
    ('1', 1, 27), 
    ('1', 2, 5),
    ('1', 3, 6),
    ('1', 4, 23),
    ('1', 5, 22),
    ('1', 6, 0),
    ('1', 7, 8),
    ('1', 8, 0),
    ('1', 9, 11),
    ('1', 10, 15),
    ('1', 11, 8),
    ('1', 12, 16),
    ('1', 13, 13),
    ('1', 14, 8),
    ('1', 15, 3),
    ('1', 16, 4),
    ('1', 17, 2),
    ('1', 18, 16),
    ('1', 19, 4),
    ('1', 20, 26),
    ('1', 21, 24),
    ('1', 22, 29),
    ('1', 23, 9),
    ('1', 24, 10),
    ('1', 25, 10),
    ('1', 26, 16),
    ('1', 27, 21),
    ('1', 28, 20),
    ('1', 29, 13),
    ('1', 30, 30),
    ('1', 31, 2),
    ('1', 32, 0),
    ('1', 33, 10),
    ('1', 34, 2),
    ('1', 35, 18),
    ('1', 36, 26),
    ('1', 37, 12),
    ('1', 38, 13),
    ('1', 39, 2),
    ('1', 40, 24),
    ('1', 41, 10),
    ('1', 42, 0),
    ('1', 43, 2),
    ('1', 44, 1),
    ('1', 45, 15),
    ('1', 46, 19),
    ('1', 47, 21),
    ('1', 48, 5),
    ('1', 49, 8),
    ('1', 50, 29),
    ('1', 51, 2),
    ('1', 52, 18),
    ('1', 53, 17),
    ('1', 54, 11),
    ('1', 55, 11),
    ('1', 56, 15),
    ('1', 57, 1),
    ('1', 58, 1),
    ('1', 59, 22),
    ('1', 60, 19),
    ('1', 61, 30),
    ('1', 62, 21),
    ('1', 63, 4),
    ('1', 64, 30),
    ('1', 65, 10),
    ('2', 1, 14),
    ('2', 2, 16),
    ('2', 3, 28),
    ('2', 4, 2),
    ('2', 5, 1),
    ('2', 6, 11),
    ('2', 7, 8),
    ('2', 8, 1),
    ('2', 9, 17),
    ('2', 10, 13),
    ('2', 11, 21),
    ('2', 12, 2),
    ('2', 13, 1),
    ('2', 14, 18),
    ('2', 15, 6),
    ('2', 16, 20),
    ('2', 17, 3),
    ('2', 18, 13),
    ('2', 19, 15),
    ('2', 20, 20),
    ('2', 21, 16),
    ('2', 22, 0),
    ('2', 23, 12),
    ('2', 24, 16),
    ('2', 25, 18),
    ('2', 26, 2),
    ('2', 27, 10),
    ('2', 28, 25),
    ('2', 29, 29),
    ('2', 30, 17),
    ('2', 31, 10),
    ('2', 32, 13),
    ('2', 33, 8),
    ('2', 34, 24),
    ('2', 35, 25),
    ('2', 36, 15),
    ('2', 37, 5),
    ('2', 38, 18),
    ('2', 39, 28),
    ('2', 40, 15),
     ('3', 1, 14),
    ('3', 2, 24),
    ('3', 3, 0),
    ('3', 4, 11),
    ('3', 5, 3),
    ('3', 6, 27),
    ('3', 7, 12),
    ('3', 8, 12),
    ('3', 9, 23),
    ('3', 10, 21),
    ('3', 11, 30),
    ('3', 12, 30),
    ('3', 13, 19),
    ('3', 14, 4),
    ('3', 15, 22),
    ('3', 16, 19),
    ('3', 17, 22),
    ('3', 18, 5),
    ('3', 19, 24),
    ('3', 20, 19),
    ('3', 21, 8),
    ('3', 22, 20),
    ('3', 23, 8),
    ('3', 24, 18),
    ('3', 25, 15),
    ('3', 26, 27),
    ('3', 27, 21),
    ('3', 28, 20),
    ('3', 29, 11),
    ('3', 30, 23),
    ('3', 31, 10),
    ('3', 32, 14),
    ('3', 33, 14),
    ('3', 34, 6),
    ('3', 35, 3),
    ('3', 36, 28),
    ('3', 37, 30),
    ('3', 38, 23),
    ('3', 39, 22),
    ('3', 40, 2),
    ('3', 41, 25),
    ('3', 42, 9),
    ('3', 43, 26),
    ('3', 44, 26),
    ('3', 45, 1),
    ('3', 46, 16),
    ('3', 47, 14),
    ('3', 48, 2),
    ('3', 49, 4),
    ('3', 50, 25),
    ('3', 51, 2);
    
    CREATE TABLE stores (
    store_id VARCHAR(51) PRIMARY KEY,
    store_name VARCHAR(52),
    phone VARCHAR(52),
    email VARCHAR(52),
    street VARCHAR(52),
    city VARCHAR(50),
    state VARCHAR(50),
    zip_code INT
);

INSERT INTO stores (store_id, store_name, phone, email, street, city, state, zip_code) VALUES
    ('1', 'Santa Cruz Bikes', '(831) 476-4321', 'santacruz@bikes.shop', '3700 Portola Drive', 'Santa Cruz', 'CA', 95060),
    ('2', 'Baldwin Bikes', '(516) 379-8888', 'baldwin@bikes.shop', '4200 Chestnut Lane', 'Baldwin', 'NY', 11432),
    ('3', 'Rowlett Bikes', '(972) 530-5555', 'rowlett@bikes.shop', '8000 Fairway Avenue', 'Rowlett', 'TX', 75088);

    -- table name brands ------ -- table 2 name category--- table 3 customer ---- table 4   order ---------table 5 oder_id  --- table  6   product
     -- table   7 staff --- table 8 stocks ---- table 9 stores
    select * from customer ;
    select order
    select * from order_id;
    select* from product;
      select* from staff;
      select* from stocks;
      
      select * from orders;
      select * from brands;
      select * from category ;
      
      -- 1, Total count of customer 
       select count(customer_id ) AS Total_customer_id from customer;
      
      -- 2,  Full name find the customer_id and customer full name from the customers table:
 select customer_id,concat(first_name,'  ',last_name) as Customer_name FROM Customer;
 
 -- 3,To find the maximum order status in the customers table,
 
 select max(state) From customer ;
 
 -- 4,  To find customer details for customers in New York (NY) or Texas (TX), use the following SQL query:
 
 
select customer_id,CONCAT(first_name,'  ',last_name) AS customer_full_name ,phone,email,street,city,state,zip_code 
 from customer 
 where state IN('NY','TX') ;
 
 -- 6  To find the total sales
 
 select sum(list_price) as total_sales FROM orders;

-- 7 To find the maximum order details
select *
from orders
where order_id = all( select max(order_id) AS max_order from orders);

-- 8 TO find the 2017 product details
 select * FROM product where model_year = 2017;
 
 -- 9 To find product and product_id IN ASE names with brand names and categories
   SELECT 
    p.product_id, 
    p.product_name,
     b.brand_id, 
    b.brand_name, 
    c.category_id, 
    c.category_name,
	p.model_year,
    p.list_price
FROM 
    product p
INNER JOIN 
    brands b ON p.brand_id = b.brand_id
INNER JOIN 
    category c ON p.category_id = c.category_id
    ORDER BY
    product_id  ASC ;
-- 10 Find products by specific brand Ritchey , trek 
  SELECT 
    p.product_id, 
    p.product_name,
     b.brand_id, 
    b.brand_name, 
    c.category_id, 
    c.category_name,
	p.model_year,
    p.list_price
FROM 
    product p
INNER JOIN 
    brands b ON p.brand_id = b.brand_id
INNER JOIN 
    category c ON p.category_id = c.category_id
    where brand_name in('Trek'and'Ritchey')
    ORDER BY product_id  ASC ;
    ;
 -- 11 To find the customer and order name
 
 select * from orders;
 
 select  c.customer_id , concat(first_name,'  ',last_name) AS c.customer_name ,c.phone,c.email,c.street,c.city,c.state,c.zip_code

